cancellation_rate_pct,total_bookings,cancelled,source
10.77414205905826,1253,135,web
12.023708721422523,1181,142,mobile
11.18421052631579,1216,136,booking.com
12.403763900769889,1169,145,walk_in
10.245554614733276,1181,121,expedia
