collection_rate,hotel_id,total_bookings_value,total_payments_value
0.984294754028012,H004,286256.58,281760.85
0.9837719311641799,H002,291389.57,286660.88
0.9826216419517859,H007,292163.39,287086.07
0.9857321276494475,H005,275858.93,271923.01
0.9830057863049138,H003,297065.23,292016.84
0.9747303944306839,H008,298473.99,290931.67
0.9804657554483577,H001,284031.46,278483.12
0.9830366467998212,H006,286188.7,281333.98
